joint_name,PC_1_scale_x,PC_1_scale_y,PC_1_scale_z,PC_1_translation_x,PC_1_translation_y,PC_1_translation_z,PC_2_scale_x,PC_2_scale_y,PC_2_scale_z,PC_2_translation_x,PC_2_translation_y,PC_2_translation_z,PC_3_scale_x,PC_3_scale_y,PC_3_scale_z,PC_3_translation_x,PC_3_translation_y,PC_3_translation_z,PC_4_scale_x,PC_4_scale_y,PC_4_scale_z,PC_4_translation_x,PC_4_translation_y,PC_4_translation_z,PC_5_scale_x,PC_5_scale_y,PC_5_scale_z,PC_5_translation_x,PC_5_translation_y,PC_5_translation_z,PC_6_scale_x,PC_6_scale_y,PC_6_scale_z,PC_6_translation_x,PC_6_translation_y,PC_6_translation_z,PC_7_scale_x,PC_7_scale_y,PC_7_scale_z,PC_7_translation_x,PC_7_translation_y,PC_7_translation_z,PC_8_scale_x,PC_8_scale_y,PC_8_scale_z,PC_8_translation_x,PC_8_translation_y,PC_8_translation_z,PC_9_scale_x,PC_9_scale_y,PC_9_scale_z,PC_9_translation_x,PC_9_translation_y,PC_9_translation_z,PC_10_scale_x,PC_10_scale_y,PC_10_scale_z,PC_10_translation_x,PC_10_translation_y,PC_10_translation_z,PC_11_scale_x,PC_11_scale_y,PC_11_scale_z,PC_11_translation_x,PC_11_translation_y,PC_11_translation_z,PC_12_scale_x,PC_12_scale_y,PC_12_scale_z,PC_12_translation_x,PC_12_translation_y,PC_12_translation_z,PC_13_scale_x,PC_13_scale_y,PC_13_scale_z,PC_13_translation_x,PC_13_translation_y,PC_13_translation_z
b_t,1.9446300569825326e-08,8.167028830996514e-09,7.715881622516463e-08,-0.007417766377329826,-0.00020390366262290627,-0.002173465443775058,1.1000603983291057e-08,6.072683245150756e-09,3.289641625769946e-08,0.002057064790278673,-0.0006149268010631204,-0.0017959334654733539,4.987034429859705e-08,2.081337591164356e-08,3.9262992856947676e-08,0.008869512006640434,-0.00022723358415532857,0.004142457619309425,8.540176565929869e-09,3.453384778140389e-08,2.438250135128328e-08,-0.00028042568010278046,-0.0006763777346350253,0.0025772692169994116,1.922577474999798e-08,-3.641550350153011e-08,9.46782350297326e-08,-0.001913541811518371,0.0003249947912991047,-0.007657702546566725,1.780697189701641e-08,3.90543455353054e-08,6.57097132261697e-08,0.001788764027878642,-0.00047760328743606806,-0.0032741886097937822,2.2951830658257677e-08,1.9538740403390875e-08,-1.6908495936718282e-08,0.004824080970138311,-0.0018046315526589751,0.0004163178673479706,-5.091893484632237e-08,3.705544315835141e-08,-1.642172797744479e-08,-0.004317202605307102,-0.0007832511910237372,0.008413402363657951,-1.5403305297922998e-08,-2.0192987282285912e-09,9.039819559575335e-08,-0.004076285753399134,0.0001928269921336323,-0.0003584595979191363,5.778885636686937e-08,4.183242197086656e-08,1.3748529426038658e-08,-0.005197889171540737,-0.0010348157957196236,-0.001899075461551547,-1.933326565506377e-08,2.7656975376544324e-08,6.395451634944038e-08,-0.006306265946477652,-0.001217049895785749,-0.0008503305143676698,-2.635330709210848e-08,1.556428514959407e-07,7.299838955532323e-08,0.014590514823794365,-0.00047255551908165216,-0.001656911219470203,1.2849008967918962e-08,4.0611485729868946e-08,-1.034129724075683e-07,0.004488445818424225,-0.0014521789271384478,-0.00562011543661356
b_a_1,-0.041635096073150635,-0.04163507744669914,-0.04163506627082825,0.013658572919666767,-2.042063897533808e-05,-0.0036046269815415144,-0.1579880714416504,-0.1579880267381668,-0.1579880714416504,-0.006238720379769802,-5.271278496365994e-05,0.004901660140603781,-0.18613547086715698,-0.1861354112625122,-0.18613530695438385,-0.015122772194445133,0.00033481669379398227,-0.00419881334528327,-0.051915425807237625,-0.05191534012556076,-0.05191531032323837,-0.005555914714932442,0.0002895102370530367,-0.0037077474407851696,-0.05493001267313957,-0.05492996796965599,-0.05492997169494629,0.0015048454515635967,-0.0002431488101137802,0.0022578914649784565,0.057935167104005814,0.057935118675231934,0.05793517082929611,-0.003186871064826846,3.947900768253021e-05,-0.002086884807795286,0.31904786825180054,0.3190477192401886,0.319047749042511,0.007706536911427975,-0.0002316657773917541,-0.0009988771053031087,-0.07414450496435165,-0.07414445281028748,-0.0741443932056427,-0.006949149072170258,-0.0005663890624418855,0.011935077607631683,0.051105622202157974,0.05110550671815872,0.05110553652048111,0.01318652369081974,0.0002823914401233196,0.00303480913862586,0.11148712784051895,0.11148711293935776,0.11148712784051895,-0.014967042952775955,0.0008814021712169051,0.004546912387013435,-0.012578650377690792,-0.012578616850078106,-0.012578766793012619,-0.0063535249792039394,0.00018217375327367336,0.003178907325491309,0.2551557421684265,0.25515568256378174,0.25515565276145935,-0.001734068850055337,-0.0017154585802927613,-0.018786026164889336,0.0188444871455431,0.018844405189156532,0.01884441450238228,-0.0008141084690578282,-0.0016913511790335178,0.008714999072253704
b_a_2,0.40407130122184753,0.4040714502334595,0.4040714502334595,3.0952186591548525e-08,2.8446649480429187e-09,-5.503475364321275e-08,0.31123852729797363,0.3112386465072632,0.31123873591423035,2.9655357280944372e-08,-2.3276891525370047e-08,1.520829151502312e-08,0.15204733610153198,0.15204738080501556,0.15204742550849915,4.2829690016787936e-08,-7.331200646554237e-10,-1.2048003483755565e-08,-0.10698818415403366,-0.10698820650577545,-0.10698821395635605,-1.2947125149764815e-08,3.869594777938801e-08,-9.359555264154551e-08,-0.07474831491708755,-0.07474839687347412,-0.0747484341263771,8.34170066355e-10,1.2070370480898873e-08,2.0039118808767853e-08,0.04477772116661072,0.044777762144804,0.044777777045965195,1.3185820435523965e-08,-2.8376874183777545e-08,2.7974811800390853e-08,0.09266240894794464,0.09266258776187897,0.09266260266304016,8.31713975468773e-10,8.957353081484598e-09,-2.761555073504951e-08,-0.03752383217215538,-0.03752374276518822,-0.03752375394105911,-8.114242611156897e-09,-1.5358850191660167e-08,-1.019044582051265e-08,0.025637075304985046,0.025637127459049225,0.025637121871113777,2.5958120097868687e-09,1.4892820310308252e-09,-1.1277227152106661e-08,0.00041158677777275443,0.00041171401971951127,0.0004117988864891231,-2.0561785163408786e-08,-5.087741428155823e-08,-3.0211904089583186e-08,-0.029758436605334282,-0.029758507385849953,-0.029758518561720848,-7.062643803124047e-09,-3.0770696213267e-08,3.7699418697911824e-08,0.08339075744152069,0.08339092135429382,0.08339109271764755,-1.6290675475261196e-08,3.30064975351263e-09,-2.6429463062527248e-08,0.031032247468829155,0.031032273545861244,0.031032273545861244,4.093905303648171e-08,3.4707614560147704e-08,-5.0486676173022715e-08
b_a_3,-0.00717211002483964,-0.007172117941081524,-0.007172110956162214,3.450918839575934e-08,2.655752950886381e-08,1.3631628270616147e-08,0.005985284689813852,0.005985295865684748,0.005985280033200979,2.7269063451740294e-08,6.2106946252526996e-09,2.380243335764476e-09,-0.01351610291749239,-0.013516096398234367,-0.013516107574105263,1.4942951764851387e-08,-9.070681983303075e-10,-9.206559958840899e-09,0.011741716414690018,0.011741682887077332,0.0117416987195611,8.440117049701712e-09,5.9576034772135245e-08,6.914224193188545e-10,0.10221204906702042,0.10221197456121445,0.10221202671527863,3.6962395366657574e-09,4.170290779370589e-08,-2.8746546476554613e-08,-0.0179457888007164,-0.017945844680070877,-0.017945801839232445,-3.852006358329163e-08,-2.171019142238606e-09,1.0908874692461268e-08,-0.24111898243427277,-0.24111896753311157,-0.24111898243427277,-6.533128260599597e-09,6.21172979720086e-09,4.705808187566163e-09,0.2500797212123871,0.2500796914100647,0.2500797212123871,4.066730241447658e-08,2.1364570557125262e-08,-1.057874055021557e-08,0.04826783388853073,0.04826781153678894,0.04826785996556282,-2.208756066934825e-09,4.2740278871633564e-08,-1.2636163226886765e-08,-0.0634746253490448,-0.06347472220659256,-0.06347468495368958,3.308820595293582e-08,-4.0325673467123124e-08,3.21632427358054e-08,-0.1599474996328354,-0.15994742512702942,-0.15994733572006226,1.9837612441619967e-08,5.45824683229057e-08,3.7455482271298024e-08,0.05946735665202141,0.0594673678278923,0.05946735292673111,6.233394600485553e-08,-6.204287217315141e-08,6.2699845315705716e-09,-0.09718038886785507,-0.09718038141727448,-0.09718037396669388,2.5015374660597445e-08,-3.479988563981351e-08,7.204631113921778e-09
b_a_4,-0.025154998525977135,-0.025155004113912582,-0.025154979899525642,-6.407163244404046e-09,1.21136531916477e-08,1.6976285266423474e-08,0.02773297391831875,0.0277329683303833,0.027733009308576584,-1.7163857002344685e-09,-5.455724760849989e-10,9.462885586231096e-09,-0.034535303711891174,-0.03453529626131058,-0.03453528881072998,-1.4756905919455221e-08,-1.4641208245791404e-09,1.2723663234126548e-09,-0.010794916190207005,-0.01079491339623928,-0.010794912464916706,9.96665239227923e-09,1.7188080292385166e-08,4.027355515745512e-08,0.02637876197695732,0.026378769427537918,0.026378730311989784,-1.051787812400562e-08,1.0069023836933866e-08,4.0680678381477264e-08,0.02336576208472252,0.023365776985883713,0.02336573787033558,1.6164719340849842e-08,2.410859067936144e-08,5.210177533854221e-08,-0.00985392089933157,-0.009853904135525227,-0.009853960946202278,-1.0343637946164108e-08,-5.364815258701583e-09,3.41645711721128e-09,-0.010588795877993107,-0.010588769800961018,-0.01058873999863863,2.2098685548144203e-08,2.738423177106597e-08,1.9717452559575577e-08,-0.022244196385145187,-0.02224414423108101,-0.022244198247790337,-2.177896796240475e-08,-1.3973019186153124e-08,4.758254945613771e-08,0.034680984914302826,0.03468097001314163,0.03468099981546402,2.1030466257343505e-08,6.884315695288024e-08,2.7934699886600356e-08,-0.08954476565122604,-0.08954475820064545,-0.08954478055238724,9.078616081126256e-09,1.871369170736159e-10,4.14743368537529e-08,-0.007021161261945963,-0.007021177094429731,-0.0070210834965109825,1.3182292590840916e-08,-2.243983665550786e-09,2.60706300991842e-08,-0.01977579854428768,-0.01977582648396492,-0.019775766879320145,3.6263938518743544e-09,1.1608020968056909e-11,-3.1077562745451814e-09
b_a_5,-0.10760979354381561,-0.107609823346138,-0.1076098158955574,-3.809319248926357e-10,-2.043160529652255e-09,-7.073811536528751e-10,0.01385196577757597,0.013851937837898731,0.013851957395672798,2.7699793569979647e-09,2.3429143070075042e-09,2.487816175289481e-09,0.1975974589586258,0.19759735465049744,0.19759736955165863,1.9279764451596293e-09,5.535642499943094e-10,-1.43679890207693e-09,0.07231079041957855,0.07231084257364273,0.07231082022190094,2.229461726344084e-09,-1.6543212355557557e-09,2.5645232604176726e-09,-0.08111346513032913,-0.08111339807510376,-0.08111343532800674,1.1901358787369531e-09,6.998287727100205e-09,-2.1169488384487067e-09,-0.04070767015218735,-0.04070768877863884,-0.04070768877863884,-8.347622149074141e-09,-7.242516364414087e-09,-5.453940410404812e-09,-0.029698550701141357,-0.02969859354197979,-0.02969856932759285,-6.232839133701873e-09,-6.888532411153392e-09,2.5570481287928715e-09,-0.09710242599248886,-0.09710244834423065,-0.09710244834423065,1.1961953205741338e-08,-2.0911554710068003e-09,1.1449292625087537e-09,-0.03971809148788452,-0.03971810266375542,-0.03971808776259422,6.5253540348919614e-09,-4.9861774431558814e-11,1.111847769408314e-08,0.04568176716566086,0.04568180814385414,0.04568175971508026,-5.138032665996661e-09,5.357621901680432e-09,-1.9640706838686128e-08,0.2781355381011963,0.2781355679035187,0.2781355381011963,1.3559639633342613e-08,-1.574867347642339e-08,-1.6439309913351963e-09,0.01481119729578495,0.014811172150075436,0.014811203815042973,1.575353891780651e-08,1.5709279210796012e-08,3.666794645695859e-09,0.10466369986534119,0.10466371476650238,0.10466373711824417,8.880448376658023e-09,-2.7718629613815438e-09,-1.6034972238898604e-09
l_1_co_r,0.03583936020731926,0.03583936393260956,0.03583936393260956,-0.0019006668590009212,0.0022505728993564844,-0.0006282725953496993,0.014220359735190868,0.014220353215932846,0.01422035787254572,0.00017414047033526003,-6.61727535771206e-05,0.0010078790364786983,-0.1409347802400589,-0.1409347951412201,-0.1409348100423813,0.0032782084308564663,-0.002991004381328821,-0.00042520056013017893,-0.06604234129190445,-0.06604233384132385,-0.06604234874248505,0.0028499674517661333,-3.854546957882121e-05,0.0032047503627836704,-0.0007046219543553889,-0.0007046136888675392,-0.0007046214304864407,0.0002207236539106816,-0.002581148175522685,-0.00706065446138382,0.006202332675457001,0.006202331278473139,0.006202335003763437,-0.001351174316368997,-0.001526174251921475,-0.0063025979325175285,-0.005646146833896637,-0.005646146833896637,-0.005646141711622477,0.003180720144882798,0.0016636699438095093,0.0032060937955975533,0.05944718047976494,0.05944719538092613,0.05944716930389404,-0.0038168001919984818,0.0025475213769823313,0.010926278308033943,-0.01818700321018696,-0.018186992034316063,-0.018186992034316063,0.0011072629131376743,0.0005686809890903533,0.0052719926461577415,-0.06694226711988449,-0.06694220751523972,-0.0669422447681427,-0.0029425006359815598,0.0034341979771852493,0.017975812777876854,0.08544177561998367,0.08544173836708069,0.08544179052114487,0.0017980722477659583,0.00017098026000894606,0.00023644344764761627,-0.05976477265357971,-0.059764765202999115,-0.05976476892828941,0.002126171486452222,-0.0050678253173828125,-0.014455819502472878,0.173197939991951,0.1731979250907898,0.17319795489311218,-0.0038769214879721403,4.983536200597882e-05,-0.0028103196527808905
l_1_tr_r,-0.029816608875989914,-0.029816601425409317,-0.029816603288054466,5.861994223366196e-11,1.161462592769169e-09,-1.806736427134581e-09,0.013980946503579617,0.013980947434902191,0.01398093905299902,1.1967043675453759e-11,-3.241765744732561e-09,5.476961106865019e-09,0.12195862084627151,0.12195860594511032,0.12195859849452972,-1.3574437129904027e-09,4.388441166014445e-09,-4.948668141935286e-09,0.043110478669404984,0.043110478669404984,0.043110474944114685,-1.3383585906190376e-10,-2.7365347765595516e-09,3.0685001206620655e-09,0.04879378527402878,0.04879376292228699,0.04879376292228699,-8.273831064720127e-10,6.110754124932782e-09,-5.520271795234066e-09,-0.026642968878149986,-0.02664296329021454,-0.02664296142756939,1.0851908260889331e-09,-2.3155610762159995e-09,-2.1988877385581418e-09,0.04922499507665634,0.049224987626075745,0.049224987626075745,-1.6306144212663298e-09,-1.382151837425738e-09,-6.929741780403731e-10,-0.019316192716360092,-0.019316185265779495,-0.019316179677844048,-1.625067858057605e-09,-4.8883554981671296e-09,5.854580376052354e-09,-0.04902339354157448,-0.049023400992155075,-0.049023400992155075,-1.5408886389067789e-09,-4.658578522942491e-10,4.421580879210296e-09,0.18941175937652588,0.18941178917884827,0.18941180408000946,4.08685218999949e-09,-4.374785256278102e-10,-3.364266865091281e-09,-0.09489943087100983,-0.09489942342042923,-0.09489943832159042,7.387071510045473e-10,-3.64970165200873e-09,7.558686121456049e-09,-0.037078093737363815,-0.03707810491323471,-0.03707811236381531,-6.51186049527297e-10,3.892707045594079e-09,1.0682972728659479e-08,-0.08619850873947144,-0.08619851619005203,-0.08619850873947144,2.534830345624073e-09,1.8644712440618605e-09,-3.084261734898064e-09
l_1_fe_r,0.017388183623552322,0.01738818734884262,0.01738818548619747,4.2291450896847493e-10,-2.2773537222686713e-10,2.723128111892237e-10,0.024723833426833153,0.024723831564188004,0.024723835289478302,-4.976754008900741e-10,1.6846132128156555e-11,-3.5215488858320043e-10,-0.05051879212260246,-0.050518784672021866,-0.05051879957318306,-1.5829665356292821e-10,1.037541386139651e-09,6.207810654412782e-11,0.07878951728343964,0.07878950983285904,0.07878950983285904,-1.961354550994443e-10,8.189827704896402e-10,3.8830041959592165e-10,0.07769333571195602,0.07769335061311722,0.07769335806369781,-2.939636589704975e-10,8.633396081370037e-11,-1.1907185237802764e-09,0.06709728389978409,0.06709727644920349,0.06709729135036469,3.7262637420099054e-10,-2.5607060916144064e-09,5.716502826658143e-10,0.04670631140470505,0.046706296503543854,0.04670630767941475,-1.1729586191222552e-09,1.1271445998772833e-09,8.614729068989746e-11,-0.004871758166700602,-0.004871753975749016,-0.004871759098023176,5.611535680571933e-10,-2.669548138101163e-09,4.5131878789739233e-10,0.07884906232357025,0.07884904742240906,0.07884904742240906,-2.037423341150202e-09,4.946513865178304e-09,-8.326274114622834e-10,-0.03719060495495796,-0.037190597504377365,-0.03719060495495796,3.2710358865983835e-09,-8.301283216383126e-09,-2.963817524737067e-10,0.008149443194270134,0.008149441331624985,0.008149444125592709,9.324411243127884e-10,-6.512236860878318e-10,3.522183433801729e-09,0.07151071727275848,0.07151071727275848,0.07151073962450027,-1.141257421899411e-09,4.319532787011582e-10,-3.945298254759422e-11,-0.03513336181640625,-0.03513336181640625,-0.03513336181640625,-1.809665417518147e-09,4.1109798898375516e-10,1.7375438865485648e-09
l_1_ti_r,-0.02621961012482643,-0.02621961012482643,-0.02621961571276188,1.6919901590917164e-10,-2.1655605086934315e-10,1.160563797841796e-10,-0.0008877528598532081,-0.0008877533837221563,-0.000887751579284668,-6.432865906624841e-10,7.137048174676863e-10,-3.4038985519124765e-10,0.021782398223876953,0.02178240194916725,0.02178240194916725,2.610241189859863e-10,-1.301572072343049e-09,5.140819991922285e-10,0.0006562065100297332,0.0006562058697454631,0.0006562068010680377,-2.678379462661695e-10,4.322456281791176e-10,-8.269784856906881e-11,0.02787727117538452,0.02787727117538452,0.02787727676331997,2.873024596006246e-10,-9.036147385899085e-10,4.420207255773079e-11,0.0051849219016730785,0.005184919107705355,0.005184920970350504,5.2696593616508025e-11,1.7591776924064106e-09,-9.301847486709036e-11,-0.010723622515797615,-0.010723620653152466,-0.01072362344712019,9.60706958430535e-10,4.535950781647813e-10,-7.527475309743181e-10,-0.11618654429912567,-0.11618653684854507,-0.11618652194738388,-7.323674999781815e-10,2.0052584037699717e-09,1.199107590998949e-09,-0.04707283154129982,-0.04707283154129982,-0.04707283526659012,8.115946248388184e-10,-1.226652446284504e-09,1.474224964326254e-09,-0.087159164249897,-0.0871591717004776,-0.0871591717004776,-5.009598291749739e-10,3.498669354229378e-09,-9.607054041183005e-10,0.11417840421199799,0.11417841166257858,0.11417840421199799,-3.1540281497655087e-10,2.0476079165554495e-10,-7.996672074517264e-11,-0.021693535149097443,-0.02169353887438774,-0.021693548187613487,-2.185396724696531e-10,-2.270877264010096e-09,3.1545914769282035e-09,-0.03091364912688732,-0.03091365285217762,-0.03091365657746792,8.084261593488407e-10,1.538183053151343e-10,7.095282139601977e-10
l_1_ta_r,-0.017538346350193024,-0.017538346350193024,-0.017538346350193024,1.1496369828334352e-10,2.8243496430491177e-10,-2.516318403644746e-11,0.023982226848602295,0.023982226848602295,0.023982224985957146,-2.6540164510535647e-10,-5.982117023961564e-10,6.978681521552232e-11,-0.010794749483466148,-0.010794751346111298,-0.010794749483466148,2.1076458633917383e-10,-9.196673977918124e-10,-2.911773044900201e-10,-0.05435987561941147,-0.05435987561941147,-0.05435987561941147,-9.73494548861531e-11,-2.451200908915041e-10,2.0077221829506442e-10,0.003480653278529644,0.0034806535113602877,0.0034806535113602877,1.8761664444255644e-10,-1.0077296774824163e-09,-7.150635639163738e-10,0.022139769047498703,0.022139767184853554,0.022139767184853554,-3.950152704934595e-10,1.7582652001024712e-09,1.2073071709028937e-10,-0.0420367494225502,-0.0420367531478405,-0.0420367531478405,3.453025088084871e-10,-2.1399450267356457e-10,1.218909834177495e-10,-0.02831491455435753,-0.02831491082906723,-0.02831491082906723,-1.268173344115553e-09,1.2649584713031459e-09,5.40555655792474e-10,-0.18223604559898376,-0.18223604559898376,-0.18223604559898376,5.506511357999955e-10,-2.187744430059979e-09,3.6761865773726754e-10,-0.05498858913779259,-0.05498858541250229,-0.05498858913779259,-9.115629362455024e-10,5.6207185572532126e-09,3.7704844801922377e-10,-0.04022621363401413,-0.04022620990872383,-0.04022621363401413,2.512501873219719e-10,3.46294326547536e-10,9.870368411490915e-11,0.01108929980546236,0.011089300736784935,0.01108930166810751,9.20621467948024e-10,3.0021640728961074e-10,1.7416026398819895e-09,-0.02964148484170437,-0.029641486704349518,-0.02964148484170437,4.758018423700605e-10,-5.072184894316933e-10,-4.416047250099808e-10
l_1_pt_r,0.03666619583964348,0.03666619583964348,0.03666619583964348,-4.278299936544272e-12,-1.1978912653476392e-11,-1.0519626142402316e-10,-0.08614251017570496,-0.08614251017570496,-0.08614251017570496,1.49694825979374e-10,1.568091073655964e-10,3.517892088744645e-10,0.06132408604025841,0.06132408604025841,0.06132408231496811,4.696317779107062e-10,-1.6317118489705962e-10,3.4408373372762924e-10,0.04038359969854355,0.04038359969854355,0.04038359969854355,-1.5782711249023862e-10,1.3222346828545284e-11,1.776116927143523e-11,-0.12448433041572571,-0.12448433041572571,-0.12448433041572571,8.02565902624508e-10,-3.036191090211027e-11,5.414360071398505e-10,-0.04538039490580559,-0.04538039490580559,-0.04538038745522499,-1.3808720833452526e-10,4.212504234324399e-10,-7.729536455336472e-10,-0.03953852131962776,-0.03953852131962776,-0.03953852504491806,-7.896842069143872e-10,-4.765068339906975e-10,-6.231615223839526e-10,0.07807335257530212,0.07807334512472153,0.07807336002588272,-4.9744902641535305e-11,5.717143425343352e-10,-3.6407021841711185e-10,0.2798684537410736,0.2798684537410736,0.2798684537410736,-8.700485332191477e-10,-1.1168366231828486e-09,1.1098898189398909e-10,0.08608967065811157,0.08608967810869217,0.08608967810869217,1.8244641908360393e-10,1.3596272996352354e-09,-2.1319004339659386e-09,-0.0072391643188893795,-0.0072391643188893795,-0.007239164784550667,-7.647785182918199e-10,-1.558368017962053e-10,4.3922432357845764e-10,0.05344877019524574,0.05344877019524574,0.05344877019524574,-1.4685122007307427e-09,-1.4382746105212618e-09,-1.3646125340827098e-09,0.028549978509545326,0.028549980372190475,0.028549974784255028,-1.6099134525493497e-10,-2.1596766042186744e-10,-3.4492127903851255e-11
l_2_co_r,0.08033163100481033,0.08033163100481033,0.08033163100481033,0.005986751057207584,0.003160811262205243,-0.000662810867652297,0.017281193286180496,0.017281193286180496,0.017281193286180496,0.0003385694290045649,0.00037020337185822427,0.005260599311441183,-0.14782658219337463,-0.14782658219337463,-0.14782658219337463,-0.006038215477019548,-0.0028287130407989025,-0.0025099965278059244,0.007848113775253296,0.007848113775253296,0.007848113775253296,-0.0033631063997745514,0.0016877907328307629,-0.0014055250212550163,0.04132672771811485,0.04132672771811485,0.04132672771811485,0.002474505454301834,-0.003133042948320508,-0.006356184836477041,-0.08439416438341141,-0.08439416438341141,-0.08439416438341141,-0.003615959780290723,-0.002432512119412422,-0.004446960985660553,-0.06035427004098892,-0.060354266315698624,-0.06035427004098892,-0.002847554162144661,0.0034940619952976704,0.0044457875192165375,-0.008649625815451145,-0.008649623952805996,-0.008649623952805996,-0.00014494363858830184,0.0023484716657549143,0.00920778140425682,-0.08577121049165726,-0.08577121794223785,-0.08577121794223785,-0.005781971849501133,-7.373093831120059e-05,0.0014859745278954506,0.12140670418739319,0.12140671163797379,0.12140671163797379,-0.00545103894546628,0.0038421638309955597,0.021998217329382896,-0.005890708416700363,-0.005890709813684225,-0.005890709348022938,0.004043892491608858,-0.00035210521309636533,-0.000484133925056085,0.044943224638700485,0.044943224638700485,0.04494322091341019,-0.006857146043330431,-0.006763606797903776,-0.01819336600601673,0.09997715055942535,0.09997714310884476,0.09997714310884476,-0.0006255246116779745,0.00022892208653502166,0.006274569313973188
l_2_tr_r,-0.0750105157494545,-0.0750105157494545,-0.0750105157494545,0.0,0.0,0.0,0.033721473067998886,0.033721473067998886,0.033721473067998886,0.0,0.0,0.0,0.10024408996105194,0.10024408996105194,0.10024408996105194,0.0,0.0,0.0,0.023366745561361313,0.023366745561361313,0.023366745561361313,0.0,0.0,0.0,-0.03823259845376015,-0.03823259845376015,-0.03823259845376015,-0.0,-0.0,-0.0,0.042893387377262115,0.042893387377262115,0.042893387377262115,-0.0,-0.0,-0.0,0.08523426204919815,0.08523426204919815,0.08523426204919815,-0.0,-0.0,-0.0,0.147287979722023,0.147287979722023,0.147287979722023,-0.0,-0.0,-0.0,-0.04028928652405739,-0.04028928279876709,-0.04028928279876709,-0.0,-0.0,-0.0,0.03175249695777893,0.03175250068306923,0.03175250068306923,0.0,0.0,0.0,-0.00816880352795124,-0.00816880352795124,-0.00816880352795124,-0.0,-0.0,-0.0,-0.06364508718252182,-0.06364508718252182,-0.06364508718252182,0.0,0.0,0.0,-0.0008014054619707167,-0.0008014054037630558,-0.0008014054037630558,0.0,0.0,0.0
l_2_fe_r,-0.013110441155731678,-0.013110441155731678,-0.013110441155731678,0.0,0.0,0.0,0.020991722121834755,0.020991722121834755,0.020991722121834755,0.0,0.0,0.0,-0.011044472455978394,-0.011044472455978394,-0.011044472455978394,0.0,0.0,0.0,0.010831874795258045,0.010831874795258045,0.010831874795258045,0.0,0.0,0.0,0.029517902061343193,0.029517902061343193,0.029517902061343193,-0.0,-0.0,-0.0,0.05612543597817421,0.05612543597817421,0.05612543597817421,-0.0,-0.0,-0.0,0.03306001052260399,0.03306001052260399,0.03306001052260399,-0.0,-0.0,-0.0,-0.043423544615507126,-0.043423544615507126,-0.043423544615507126,-0.0,-0.0,-0.0,0.028953352943062782,0.028953352943062782,0.028953352943062782,-0.0,-0.0,-0.0,-0.1079675704240799,-0.1079675704240799,-0.1079675704240799,0.0,0.0,0.0,-0.0318063348531723,-0.0318063348531723,-0.0318063348531723,-0.0,-0.0,-0.0,-0.00868040882050991,-0.00868040882050991,-0.00868040882050991,0.0,0.0,0.0,-0.05947638675570488,-0.05947638675570488,-0.05947638675570488,0.0,0.0,0.0
l_2_ti_r,-0.028461670503020287,-0.028461670503020287,-0.028461670503020287,0.0,0.0,0.0,-0.004251763224601746,-0.004251763224601746,-0.004251763224601746,0.0,0.0,0.0,-0.0013330853544175625,-0.0013330853544175625,-0.0013330853544175625,0.0,0.0,0.0,-0.041341498494148254,-0.041341498494148254,-0.041341498494148254,0.0,0.0,0.0,-0.024308206513524055,-0.024308206513524055,-0.024308206513524055,-0.0,-0.0,-0.0,-0.04159543663263321,-0.04159543663263321,-0.04159543663263321,-0.0,-0.0,-0.0,-0.03177017346024513,-0.03177017346024513,-0.03177017346024513,-0.0,-0.0,-0.0,-0.12378208339214325,-0.12378208339214325,-0.12378208339214325,-0.0,-0.0,-0.0,-0.03790602460503578,-0.03790602460503578,-0.03790602460503578,-0.0,-0.0,-0.0,-0.021917494013905525,-0.021917494013905525,-0.021917494013905525,0.0,0.0,0.0,-0.0692337155342102,-0.0692337155342102,-0.0692337155342102,-0.0,-0.0,-0.0,0.050175365060567856,0.050175365060567856,0.050175365060567856,0.0,0.0,0.0,-0.032049648463726044,-0.032049648463726044,-0.032049648463726044,0.0,0.0,0.0
l_2_ta_r,-0.05547955632209778,-0.05547955632209778,-0.05547955632209778,0.0,0.0,0.0,0.07712642848491669,0.07712642848491669,0.07712642848491669,0.0,0.0,0.0,-0.0035422956570982933,-0.0035422956570982933,-0.0035422956570982933,0.0,0.0,0.0,0.051435038447380066,0.051435038447380066,0.051435038447380066,0.0,0.0,0.0,-0.0625491589307785,-0.0625491589307785,-0.0625491589307785,-0.0,-0.0,-0.0,0.03228381648659706,0.03228381648659706,0.03228381648659706,-0.0,-0.0,-0.0,-0.06801435351371765,-0.06801435351371765,-0.06801435351371765,-0.0,-0.0,-0.0,-0.041878730058670044,-0.041878730058670044,-0.041878730058670044,-0.0,-0.0,-0.0,0.061633460223674774,0.061633460223674774,0.061633460223674774,-0.0,-0.0,-0.0,-0.009550662711262703,-0.009550662711262703,-0.009550662711262703,0.0,0.0,0.0,0.10952997952699661,0.10952997952699661,0.10952997952699661,-0.0,-0.0,-0.0,0.08230247348546982,0.08230247348546982,0.08230247348546982,0.0,0.0,0.0,-0.04562220349907875,-0.04562220349907875,-0.04562220349907875,0.0,0.0,0.0
l_2_pt_r,0.15222039818763733,0.15222039818763733,0.15222039818763733,0.0,0.0,0.0,-0.2628604471683502,-0.2628604471683502,-0.2628604471683502,0.0,0.0,0.0,0.14393459260463715,0.14393459260463715,0.14393459260463715,0.0,0.0,0.0,-0.0585307739675045,-0.0585307739675045,-0.0585307739675045,0.0,0.0,0.0,0.1673656702041626,0.1673656702041626,0.1673656702041626,-0.0,-0.0,-0.0,-0.015891632065176964,-0.015891632065176964,-0.015891632065176964,-0.0,-0.0,-0.0,0.021187417209148407,0.021187417209148407,0.021187417209148407,-0.0,-0.0,-0.0,-0.078192800283432,-0.078192800283432,-0.078192800283432,-0.0,-0.0,-0.0,0.03141852095723152,0.03141852095723152,0.03141852095723152,-0.0,-0.0,-0.0,0.04355486482381821,0.04355486482381821,0.04355486482381821,0.0,0.0,0.0,-0.04498757794499397,-0.04498757794499397,-0.04498757794499397,-0.0,-0.0,-0.0,-0.1965174376964569,-0.1965174376964569,-0.1965174376964569,0.0,0.0,0.0,0.19020724296569824,0.19020724296569824,0.19020724296569824,0.0,0.0,0.0
l_3_co_r,0.03547483682632446,0.03547483682632446,0.03547483682632446,0.011488320305943489,0.0020655388943850994,-0.0012666590046137571,0.018507225438952446,0.018507225438952446,0.018507225438952446,0.0017984749283641577,0.0008138812845572829,0.005610926076769829,-0.07323259860277176,-0.07323259860277176,-0.07323259860277176,-0.009015874937176704,-0.0006760621326975524,-0.0027984611224383116,0.015621763654053211,0.015621763654053211,0.015621763654053211,-0.004216331988573074,0.0005728096002712846,-0.004116303287446499,-0.012838921509683132,-0.012838921509683132,-0.012838921509683132,0.0020008415449410677,-0.002235961379483342,-0.003594177309423685,-0.13554199039936066,-0.13554199039936066,-0.13554199039936066,-0.0032867148984223604,-0.0021243172232061625,-0.0026378498878329992,-0.07967445254325867,-0.07967445254325867,-0.07967445254325867,0.0011069235624745488,0.001405390095897019,0.004342765547335148,0.0018096724525094032,0.0018096724525094032,0.0018096724525094032,-0.0034483964554965496,-0.00018089337390847504,0.009070245549082756,-0.019214816391468048,-0.019214816391468048,-0.019214816391468048,0.001070826780050993,0.0026266758795827627,0.004316854290664196,0.14656375348567963,0.14656375348567963,0.14656375348567963,-0.006534830667078495,0.0010797554859891534,0.012568635866045952,0.056351255625486374,0.056351255625486374,0.056351255625486374,0.0012148884125053883,0.0037308877799659967,0.0022593094035983086,-0.0033180268947035074,-0.0033180268947035074,-0.0033180268947035074,-0.007097730878740549,-0.008403711952269077,-0.01580110378563404,0.02297482267022133,0.02297482267022133,0.02297482267022133,-0.0020902238320559263,-0.0007613900233991444,0.008166003972291946
l_3_tr_r,-0.05026045814156532,-0.05026045814156532,-0.05026045814156532,0.0,0.0,0.0,0.028935328125953674,0.028935328125953674,0.028935328125953674,0.0,0.0,0.0,0.04092329740524292,0.04092329740524292,0.04092329740524292,0.0,0.0,0.0,0.0061664702370762825,0.0061664702370762825,0.0061664702370762825,0.0,0.0,0.0,0.008934608660638332,0.008934608660638332,0.008934608660638332,-0.0,-0.0,-0.0,0.09112992137670517,0.09112992137670517,0.09112992137670517,-0.0,-0.0,-0.0,0.13643479347229004,0.13643479347229004,0.13643479347229004,-0.0,-0.0,-0.0,0.1012876033782959,0.1012876033782959,0.1012876033782959,-0.0,-0.0,-0.0,-0.0919048935174942,-0.0919048935174942,-0.0919048935174942,-0.0,-0.0,-0.0,0.0027383039705455303,0.0027383039705455303,0.0027383039705455303,0.0,0.0,0.0,-0.06619027256965637,-0.06619027256965637,-0.06619027256965637,-0.0,-0.0,-0.0,-0.024597326293587685,-0.024597326293587685,-0.024597326293587685,0.0,0.0,0.0,0.04979720711708069,0.04979720711708069,0.04979720711708069,0.0,0.0,0.0
l_3_fe_r,-0.010530231520533562,-0.010530231520533562,-0.010530231520533562,0.0,0.0,0.0,0.0037784366868436337,0.0037784366868436337,0.0037784366868436337,0.0,0.0,0.0,-0.00953027606010437,-0.00953027606010437,-0.00953027606010437,0.0,0.0,0.0,-0.002663102699443698,-0.002663102699443698,-0.002663102699443698,0.0,0.0,0.0,0.007951492443680763,0.007951492443680763,0.007951492443680763,-0.0,-0.0,-0.0,0.03230513259768486,0.03230513259768486,0.03230513259768486,-0.0,-0.0,-0.0,-0.006038083229213953,-0.006038083229213953,-0.006038083229213953,-0.0,-0.0,-0.0,-0.023785369470715523,-0.023785369470715523,-0.023785369470715523,-0.0,-0.0,-0.0,0.009339398704469204,0.009339398704469204,0.009339398704469204,-0.0,-0.0,-0.0,-0.09277990460395813,-0.09277990460395813,-0.09277990460395813,0.0,0.0,0.0,-0.022016650065779686,-0.022016650065779686,-0.022016650065779686,-0.0,-0.0,-0.0,-0.009308469481766224,-0.009308469481766224,-0.009308469481766224,0.0,0.0,0.0,-0.017146462574601173,-0.017146462574601173,-0.017146462574601173,0.0,0.0,0.0
l_3_ti_r,-0.04810256510972977,-0.04810256510972977,-0.04810256510972977,0.0,0.0,0.0,0.05293802171945572,0.05293802171945572,0.05293802171945572,0.0,0.0,0.0,0.019896334037184715,0.019896334037184715,0.019896334037184715,0.0,0.0,0.0,-0.00845418032258749,-0.00845418032258749,-0.00845418032258749,0.0,0.0,0.0,-0.011619173921644688,-0.011619173921644688,-0.011619173921644688,-0.0,-0.0,-0.0,-0.018760934472084045,-0.018760934472084045,-0.018760934472084045,-0.0,-0.0,-0.0,-0.022303443402051926,-0.022303443402051926,-0.022303443402051926,-0.0,-0.0,-0.0,-0.12203717231750488,-0.12203717231750488,-0.12203717231750488,-0.0,-0.0,-0.0,0.043468743562698364,0.043468743562698364,0.043468743562698364,-0.0,-0.0,-0.0,0.048604872077703476,0.048604872077703476,0.048604872077703476,0.0,0.0,0.0,-0.027968619018793106,-0.027968619018793106,-0.027968619018793106,-0.0,-0.0,-0.0,-0.008422458544373512,-0.008422458544373512,-0.008422458544373512,0.0,0.0,0.0,-0.024227676913142204,-0.024227676913142204,-0.024227676913142204,0.0,0.0,0.0
l_3_ta_r,-0.00475769629701972,-0.00475769629701972,-0.00475769629701972,0.0,0.0,0.0,-0.011292211711406708,-0.011292211711406708,-0.011292211711406708,0.0,0.0,0.0,-0.008085336536169052,-0.008085336536169052,-0.008085336536169052,0.0,0.0,0.0,0.007920115254819393,0.007920115254819393,0.007920115254819393,0.0,0.0,0.0,-0.019545288756489754,-0.019545288756489754,-0.019545288756489754,-0.0,-0.0,-0.0,0.025759762153029442,0.025759762153029442,0.025759762153029442,-0.0,-0.0,-0.0,-0.029551757499575615,-0.029551757499575615,-0.029551757499575615,-0.0,-0.0,-0.0,-0.07355006039142609,-0.07355006039142609,-0.07355006039142609,-0.0,-0.0,-0.0,0.09103108942508698,0.09103108942508698,0.09103108942508698,-0.0,-0.0,-0.0,-0.12320613116025925,-0.12320613116025925,-0.12320613116025925,0.0,0.0,0.0,-0.1023292988538742,-0.1023292988538742,-0.1023292988538742,-0.0,-0.0,-0.0,-0.016506511718034744,-0.016506511718034744,-0.016506511718034744,0.0,0.0,0.0,0.09901892393827438,0.09901892393827438,0.09901892393827438,0.0,0.0,0.0
l_3_pt_r,0.10832059383392334,0.10832059383392334,0.10832059383392334,0.0,0.0,0.0,-0.14401252567768097,-0.14401252567768097,-0.14401252567768097,0.0,0.0,0.0,0.041923344135284424,0.041923344135284424,0.041923344135284424,0.0,0.0,0.0,-0.01647684909403324,-0.01647684909403324,-0.01647684909403324,0.0,0.0,0.0,0.02402644418179989,0.02402644418179989,0.02402644418179989,-0.0,-0.0,-0.0,-0.01818319410085678,-0.01818319410085678,-0.01818319410085678,-0.0,-0.0,-0.0,-0.0198074821382761,-0.0198074821382761,-0.0198074821382761,-0.0,-0.0,-0.0,0.0733097642660141,0.0733097642660141,0.0733097642660141,-0.0,-0.0,-0.0,-0.06123926490545273,-0.06123926490545273,-0.06123926490545273,-0.0,-0.0,-0.0,0.011162659153342247,0.011162659153342247,0.011162659153342247,0.0,0.0,0.0,0.12811486423015594,0.12811486423015594,0.12811486423015594,-0.0,-0.0,-0.0,0.11472809314727783,0.11472809314727783,0.11472809314727783,0.0,0.0,0.0,-0.11067051440477371,-0.11067051440477371,-0.11067051440477371,0.0,0.0,0.0
w_1_r,0.0,0.0,0.0,0.0006988178938627243,0.003431657562032342,-0.008497963659465313,0.0,0.0,0.0,0.0013017718447372317,0.0005548468907363713,-0.00031063996721059084,0.0,0.0,0.0,-0.0017168864142149687,-0.006493276916444302,0.011589094065129757,0.0,0.0,0.0,0.00029175900272093713,0.0008398022619076073,0.003471050877124071,-0.0,-0.0,-0.0,-0.0033396196085959673,-0.0037515987642109394,0.0066851237788796425,-0.0,-0.0,-0.0,5.8703069953480735e-05,-0.002760796109214425,0.0018565173959359527,-0.0,-0.0,-0.0,0.004545892588794231,0.006694100331515074,-0.009849036112427711,-0.0,-0.0,-0.0,0.002356724813580513,-5.992226306261728e-06,-0.0012555686989799142,-0.0,-0.0,-0.0,0.0017462966497987509,0.0033875617664307356,-0.0023881359957158566,0.0,0.0,0.0,0.005625021178275347,0.004034796264022589,-0.0028189513832330704,-0.0,-0.0,-0.0,0.001574356690980494,4.515493492363021e-05,-0.0041535538621246815,0.0,0.0,0.0,-0.009112558327615261,-0.012932953424751759,0.022610850632190704,0.0,0.0,0.0,0.0034510630648583174,-0.0028007719665765762,0.0007722049485892057
w_2_r,0.0,0.0,0.0,0.013793219812214375,0.0037180576473474503,-0.006371537689119577,0.0,0.0,0.0,-0.0014121197164058685,0.00199327664449811,0.0021807504817843437,0.0,0.0,0.0,-0.013254188932478428,-0.0038390595000237226,0.003419735236093402,0.0,0.0,0.0,-0.0006014539976604283,-0.00034591005533002317,0.0015231072902679443,-0.0,-0.0,-0.0,0.0014016792410984635,-0.0021791039034724236,0.0006097222794778645,-0.0,-0.0,-0.0,-0.002458798699080944,-0.0032166496384888887,0.0035499362275004387,-0.0,-0.0,-0.0,-0.0013434751890599728,0.0016003473429009318,-0.003268574131652713,-0.0,-0.0,-0.0,-0.011366005055606365,-0.0025730880443006754,0.01984577625989914,-0.0,-0.0,-0.0,0.004220130853354931,0.0067397793754935265,-0.0023746637161821127,0.0,0.0,0.0,-0.007421963382512331,0.003216796088963747,0.008535247296094894,-0.0,-0.0,-0.0,-0.003947928547859192,0.0055916570127010345,-0.004910013638436794,0.0,0.0,0.0,-0.012059442698955536,-0.008572587743401527,-0.009465173818171024,0.0,0.0,0.0,0.0029615627136081457,-0.0010196188231930137,0.008168425410985947
l_1_co_l,0.033195920288562775,0.033195920288562775,0.033195920288562775,-0.0017055764328688383,-0.0032514429185539484,-0.00038834294537082314,0.013283333741128445,0.013283333741128445,0.013283333741128445,0.0004131139430683106,-0.0009680736693553627,0.0009919204749166965,-0.14757028222084045,-0.14757028222084045,-0.14757028222084045,0.0032977613154798746,0.002939860802143812,-8.183154568541795e-05,-0.07013436406850815,-0.07013436406850815,-0.07013436406850815,0.0026662058662623167,0.00033259703195653856,0.00341128371655941,-0.0038949819281697273,-0.0038949819281697273,-0.0038949819281697273,0.0005471644690260291,0.0027572056278586388,-0.007191893178969622,3.9312017179327086e-05,3.9312017179327086e-05,3.9312017179327086e-05,-0.0006133983260951936,0.0021113783586770296,-0.006070218048989773,-0.002176515990868211,-0.002176515990868211,-0.002176515990868211,0.0027149959933012724,-0.0024164251517504454,0.0033681767527014017,0.0699722021818161,0.0699722021818161,0.0699722021818161,-0.0038561662659049034,-0.001322785159572959,0.010649070143699646,-0.01592583768069744,-0.01592583768069744,-0.01592583768069744,0.0012205970706418157,-0.0005743414512835443,0.003914897330105305,-0.06924375146627426,-0.06924375146627426,-0.06924375146627426,-0.003346791258081794,-0.007909116335213184,0.016045862808823586,0.08050476014614105,0.08050476014614105,0.08050476014614105,0.0014004479162395,-0.004884390160441399,-0.0011366559192538261,-0.06717653572559357,-0.06717653572559357,-0.06717653572559357,0.002471799496561289,0.0042656236328184605,-0.012215092778205872,0.1895255148410797,0.1895255148410797,0.1895255148410797,-0.0039579677395522594,0.0014592102961614728,-0.0016307596815750003
l_1_tr_l,-0.02601790986955166,-0.02601790986955166,-0.02601790986955166,0.0,0.0,0.0,0.013354890048503876,0.013354890048503876,0.013354890048503876,0.0,0.0,0.0,0.12382911890745163,0.12382911890745163,0.12382911890745163,0.0,0.0,0.0,0.04710094630718231,0.04710094630718231,0.04710094630718231,0.0,0.0,0.0,0.057610925287008286,0.057610925287008286,0.057610925287008286,-0.0,-0.0,-0.0,-0.019683515653014183,-0.019683515653014183,-0.019683515653014183,-0.0,-0.0,-0.0,0.04355217516422272,0.04355217516422272,0.04355217516422272,-0.0,-0.0,-0.0,-0.033221013844013214,-0.033221013844013214,-0.033221013844013214,-0.0,-0.0,-0.0,-0.06426723301410675,-0.06426723301410675,-0.06426723301410675,-0.0,-0.0,-0.0,0.18737776577472687,0.18737776577472687,0.18737776577472687,0.0,0.0,0.0,-0.0842919796705246,-0.0842919796705246,-0.0842919796705246,-0.0,-0.0,-0.0,-0.029009614139795303,-0.029009614139795303,-0.029009614139795303,0.0,0.0,0.0,-0.09934386610984802,-0.09934386610984802,-0.09934386610984802,0.0,0.0,0.0
l_1_fe_l,0.010451517067849636,0.010451517067849636,0.010451517067849636,0.0,0.0,0.0,0.02555001527070999,0.02555001527070999,0.02555001527070999,0.0,0.0,0.0,-0.04605170339345932,-0.04605170339345932,-0.04605170339345932,0.0,0.0,0.0,0.06531737744808197,0.06531737744808197,0.06531737744808197,0.0,0.0,0.0,0.0630897656083107,0.0630897656083107,0.0630897656083107,-0.0,-0.0,-0.0,0.049381960183382034,0.049381960183382034,0.049381960183382034,-0.0,-0.0,-0.0,0.0469442680478096,0.0469442680478096,0.0469442680478096,-0.0,-0.0,-0.0,-0.006100875791162252,-0.006100875791162252,-0.006100875791162252,-0.0,-0.0,-0.0,0.07954753935337067,0.07954753935337067,0.07954753935337067,-0.0,-0.0,-0.0,-0.026720847934484482,-0.026720847934484482,-0.026720847934484482,0.0,0.0,0.0,0.011130942031741142,0.011130942031741142,0.011130942031741142,-0.0,-0.0,-0.0,0.0459490604698658,0.0459490604698658,0.0459490604698658,0.0,0.0,0.0,-0.029024645686149597,-0.029024645686149597,-0.029024645686149597,0.0,0.0,0.0
l_1_ti_l,-0.03474697843194008,-0.03474697843194008,-0.03474697843194008,0.0,0.0,0.0,-0.007366619538515806,-0.007366619538515806,-0.007366619538515806,0.0,0.0,0.0,0.030696440488100052,0.030696440488100052,0.030696440488100052,0.0,0.0,0.0,-0.04964917153120041,-0.04964917153120041,-0.04964917153120041,0.0,0.0,0.0,-0.016239376738667488,-0.016239376738667488,-0.016239376738667488,-0.0,-0.0,-0.0,-0.015506616793572903,-0.015506616793572903,-0.015506616793572903,-0.0,-0.0,-0.0,-0.024650447070598602,-0.024650447070598602,-0.024650447070598602,-0.0,-0.0,-0.0,-0.1239982321858406,-0.1239982321858406,-0.1239982321858406,-0.0,-0.0,-0.0,-0.10013233870267868,-0.10013233870267868,-0.10013233870267868,-0.0,-0.0,-0.0,-0.08632581681013107,-0.08632581681013107,-0.08632581681013107,0.0,0.0,0.0,0.08235294371843338,0.08235294371843338,0.08235294371843338,-0.0,-0.0,-0.0,-0.02710006944835186,-0.02710006944835186,-0.02710006944835186,0.0,0.0,0.0,-0.06842433661222458,-0.06842433661222458,-0.06842433661222458,0.0,0.0,0.0
l_1_ta_l,0.07279503345489502,0.07279503345489502,0.07279503345489502,0.0,0.0,0.0,0.037662848830223083,0.037662848830223083,0.037662848830223083,0.0,0.0,0.0,-0.0190978292375803,-0.0190978292375803,-0.0190978292375803,0.0,0.0,0.0,0.253401517868042,0.253401517868042,0.253401517868042,0.0,0.0,0.0,0.28323161602020264,0.28323161602020264,0.28323161602020264,-0.0,-0.0,-0.0,0.19131648540496826,0.19131648540496826,0.19131648540496826,-0.0,-0.0,-0.0,-0.04023806005716324,-0.04023806005716324,-0.04023806005716324,-0.0,-0.0,-0.0,-0.024290602654218674,-0.024290602654218674,-0.024290602654218674,-0.0,-0.0,-0.0,0.06457085907459259,0.06457085907459259,0.06457085907459259,-0.0,-0.0,-0.0,0.0517808236181736,0.0517808236181736,0.0517808236181736,0.0,0.0,0.0,0.11277012526988983,0.11277012526988983,0.11277012526988983,-0.0,-0.0,-0.0,0.1023411974310875,0.1023411974310875,0.1023411974310875,0.0,0.0,0.0,0.0023345137014985085,0.0023345137014985085,0.0023345137014985085,0.0,0.0,0.0
l_1_pt_l,0.021084826439619064,0.021084826439619064,0.021084826439619064,0.0,0.0,0.0,-0.09315714240074158,-0.09315714240074158,-0.09315714240074158,0.0,0.0,0.0,0.05860767140984535,0.05860767140984535,0.05860767140984535,0.0,0.0,0.0,-0.03599623218178749,-0.03599623218178749,-0.03599623218178749,0.0,0.0,0.0,-0.1957668960094452,-0.1957668960094452,-0.1957668960094452,-0.0,-0.0,-0.0,-0.07896093279123306,-0.07896093279123306,-0.07896093279123306,-0.0,-0.0,-0.0,-0.04651759937405586,-0.04651759937405586,-0.04651759937405586,-0.0,-0.0,-0.0,0.06484191119670868,0.06484191119670868,0.06484191119670868,-0.0,-0.0,-0.0,0.17447859048843384,0.17447859048843384,0.17447859048843384,-0.0,-0.0,-0.0,-0.004295560531318188,-0.004295560531318188,-0.004295560531318188,0.0,0.0,0.0,-0.046702586114406586,-0.046702586114406586,-0.046702586114406586,-0.0,-0.0,-0.0,0.07567749917507172,0.07567749917507172,0.07567749917507172,0.0,0.0,0.0,0.0072785005904734135,0.0072785005904734135,0.0072785005904734135,0.0,0.0,0.0
l_2_co_l,0.08048311620950699,0.08048311620950699,0.08048311620950699,0.005592572968453169,-0.002982438774779439,-0.00025323007139377296,0.024815857410430908,0.024815857410430908,0.024815857410430908,0.00023449213767889887,-6.653847231063992e-05,0.004659254569560289,-0.14785507321357727,-0.14785507321357727,-0.14785507321357727,-0.005445509217679501,0.0023328280076384544,-0.0030982119496911764,0.002372752409428358,0.002372752409428358,0.002372752409428358,-0.0030413398053497076,-0.0016689397161826491,-0.0017122641438618302,0.05090979114174843,0.05090979114174843,0.05090979114174843,0.0021702032536268234,0.00364595465362072,-0.005966213997453451,-0.0792107805609703,-0.0792107805609703,-0.0792107805609703,-0.003385039744898677,0.0030162737239152193,-0.0038188043981790543,-0.053291499614715576,-0.053291499614715576,-0.053291499614715576,-0.00321992882527411,-0.002515261061489582,0.0039024429861456156,-0.02336232364177704,-0.02336232364177704,-0.02336232364177704,-0.0008598716813139617,-0.0028390230145305395,0.010176783427596092,-0.09193037450313568,-0.09193037450313568,-0.09193037450313568,-0.006459049414843321,0.0005487014423124492,0.0033169554080814123,0.0993834063410759,0.0993834063410759,0.0993834063410759,-0.004042079206556082,-0.002663716906681657,0.023098837584257126,-0.01851443201303482,-0.01851443201303482,-0.01851443201303482,0.0060199168510735035,-0.002134810434654355,0.0008910848991945386,0.015008743852376938,0.015008743852376938,0.015008743852376938,-0.007870196364820004,0.0031611656304448843,-0.0184687077999115,0.051297999918460846,0.051297999918460846,0.051297999918460846,-0.000961127458140254,-0.003878731746226549,0.010708239860832691
l_2_tr_l,-0.07571116089820862,-0.07571116089820862,-0.07571116089820862,0.0,0.0,0.0,0.02870662696659565,0.02870662696659565,0.02870662696659565,0.0,0.0,0.0,0.10008255392313004,0.10008255392313004,0.10008255392313004,0.0,0.0,0.0,0.023651281371712685,0.023651281371712685,0.023651281371712685,0.0,0.0,0.0,-0.0423772893846035,-0.0423772893846035,-0.0423772893846035,-0.0,-0.0,-0.0,0.03788844496011734,0.03788844496011734,0.03788844496011734,-0.0,-0.0,-0.0,0.0812516063451767,0.0812516063451767,0.0812516063451767,-0.0,-0.0,-0.0,0.17458808422088623,0.17458808422088623,0.17458808422088623,-0.0,-0.0,-0.0,-0.030307695269584656,-0.030307695269584656,-0.030307695269584656,-0.0,-0.0,-0.0,0.043794479221105576,0.043794479221105576,0.043794479221105576,0.0,0.0,0.0,0.031459856778383255,0.031459856778383255,0.031459856778383255,-0.0,-0.0,-0.0,-0.028141001239418983,-0.028141001239418983,-0.028141001239418983,0.0,0.0,0.0,0.06512226164340973,0.06512226164340973,0.06512226164340973,0.0,0.0,0.0
l_2_fe_l,-0.011062485165894032,-0.011062485165894032,-0.011062485165894032,0.0,0.0,0.0,0.019725440070033073,0.019725440070033073,0.019725440070033073,0.0,0.0,0.0,-0.014554586261510849,-0.014554586261510849,-0.014554586261510849,0.0,0.0,0.0,0.021666070446372032,0.021666070446372032,0.021666070446372032,0.0,0.0,0.0,0.04186270013451576,0.04186270013451576,0.04186270013451576,-0.0,-0.0,-0.0,0.06083193048834801,0.06083193048834801,0.06083193048834801,-0.0,-0.0,-0.0,0.03407779708504677,0.03407779708504677,0.03407779708504677,-0.0,-0.0,-0.0,-0.04873884841799736,-0.04873884841799736,-0.04873884841799736,-0.0,-0.0,-0.0,0.03630046546459198,0.03630046546459198,0.03630046546459198,-0.0,-0.0,-0.0,-0.10135721415281296,-0.10135721415281296,-0.10135721415281296,0.0,0.0,0.0,-0.019586989656090736,-0.019586989656090736,-0.019586989656090736,-0.0,-0.0,-0.0,-0.005479540675878525,-0.005479540675878525,-0.005479540675878525,0.0,0.0,0.0,-0.053662583231925964,-0.053662583231925964,-0.053662583231925964,0.0,0.0,0.0
l_2_ti_l,-0.032364703714847565,-0.032364703714847565,-0.032364703714847565,0.0,0.0,0.0,0.0035197539255023003,0.0035197539255023003,0.0035197539255023003,0.0,0.0,0.0,-0.0029647035989910364,-0.0029647035989910364,-0.0029647035989910364,0.0,0.0,0.0,-0.06232941150665283,-0.06232941150665283,-0.06232941150665283,0.0,0.0,0.0,-0.03444933518767357,-0.03444933518767357,-0.03444933518767357,-0.0,-0.0,-0.0,-0.035811491310596466,-0.035811491310596466,-0.035811491310596466,-0.0,-0.0,-0.0,-0.03800208494067192,-0.03800208494067192,-0.03800208494067192,-0.0,-0.0,-0.0,-0.1121547594666481,-0.1121547594666481,-0.1121547594666481,-0.0,-0.0,-0.0,-0.04606826975941658,-0.04606826975941658,-0.04606826975941658,-0.0,-0.0,-0.0,-0.03228989988565445,-0.03228989988565445,-0.03228989988565445,0.0,0.0,0.0,-0.06199924647808075,-0.06199924647808075,-0.06199924647808075,-0.0,-0.0,-0.0,0.08267700672149658,0.08267700672149658,0.08267700672149658,0.0,0.0,0.0,-0.025766950100660324,-0.025766950100660324,-0.025766950100660324,0.0,0.0,0.0
l_2_ta_l,-0.03138913959264755,-0.03138913959264755,-0.03138913959264755,0.0,0.0,0.0,0.06282524019479752,0.06282524019479752,0.06282524019479752,0.0,0.0,0.0,-0.002151859225705266,-0.002151859225705266,-0.002151859225705266,0.0,0.0,0.0,0.11675942689180374,0.11675942689180374,0.11675942689180374,0.0,0.0,0.0,-0.00425252178683877,-0.00425252178683877,-0.00425252178683877,-0.0,-0.0,-0.0,0.04348255321383476,0.04348255321383476,0.04348255321383476,-0.0,-0.0,-0.0,-0.040020331740379333,-0.040020331740379333,-0.040020331740379333,-0.0,-0.0,-0.0,-0.032103508710861206,-0.032103508710861206,-0.032103508710861206,-0.0,-0.0,-0.0,0.1584378331899643,0.1584378331899643,0.1584378331899643,-0.0,-0.0,-0.0,0.06291384249925613,0.06291384249925613,0.06291384249925613,0.0,0.0,0.0,0.08901991695165634,0.08901991695165634,0.08901991695165634,-0.0,-0.0,-0.0,-0.08536986261606216,-0.08536986261606216,-0.08536986261606216,0.0,0.0,0.0,0.11666818708181381,0.11666818708181381,0.11666818708181381,0.0,0.0,0.0
l_2_pt_l,0.13052763044834137,0.13052763044834137,0.13052763044834137,0.0,0.0,0.0,-0.22381997108459473,-0.22381997108459473,-0.22381997108459473,0.0,0.0,0.0,0.1170039251446724,0.1170039251446724,0.1170039251446724,0.0,0.0,0.0,-0.052370067685842514,-0.052370067685842514,-0.052370067685842514,0.0,0.0,0.0,0.08498656749725342,0.08498656749725342,0.08498656749725342,-0.0,-0.0,-0.0,-0.0032578131649643183,-0.0032578131649643183,-0.0032578131649643183,-0.0,-0.0,-0.0,-0.010415432043373585,-0.010415432043373585,-0.010415432043373585,-0.0,-0.0,-0.0,-0.04176170006394386,-0.04176170006394386,-0.04176170006394386,-0.0,-0.0,-0.0,-0.02308240719139576,-0.02308240719139576,-0.02308240719139576,-0.0,-0.0,-0.0,-0.06588319689035416,-0.06588319689035416,-0.06588319689035416,0.0,0.0,0.0,0.006410649977624416,0.006410649977624416,0.006410649977624416,-0.0,-0.0,-0.0,0.059844356030225754,0.059844356030225754,0.059844356030225754,0.0,0.0,0.0,-0.06310231983661652,-0.06310231983661652,-0.06310231983661652,0.0,0.0,0.0
l_3_co_l,0.046279989182949066,0.046279989182949066,0.046279989182949066,0.011121752671897411,-0.0021452426444739103,-0.0006862890440970659,0.02676447108387947,0.02676447108387947,0.02676447108387947,0.001892952248454094,-0.00026375576271675527,0.005100724752992392,-0.08319439738988876,-0.08319439738988876,-0.08319439738988876,-0.008656321093440056,0.0007559870718978345,-0.004184786230325699,0.015934640541672707,0.015934640541672707,0.015934640541672707,-0.0039060425478965044,-0.00033721307408995926,-0.00466244388371706,-0.008395993150770664,-0.008395993150770664,-0.008395993150770664,0.001100332709029317,0.001882330165244639,-0.0030667094979435205,-0.14283840358257294,-0.14283840358257294,-0.14283840358257294,-0.0035281628370285034,0.0020925230346620083,-0.0017104082508012652,-0.0634128749370575,-0.0634128749370575,-0.0634128749370575,0.0012838285183534026,-0.00021383108105510473,0.0040269275195896626,-0.0032852115109562874,-0.0032852115109562874,-0.0032852115109562874,-0.003896488342434168,-0.00027531341766007245,0.009527808986604214,-0.028351277112960815,-0.028351277112960815,-0.028351277112960815,0.0017144063021987677,-0.0025016353465616703,0.005674231331795454,0.14826452732086182,0.14826452732086182,0.14826452732086182,-0.006748249754309654,-0.0014179667923599482,0.014241128228604794,0.0586032010614872,0.0586032010614872,0.0586032010614872,0.0024966259952634573,-0.0052810730412602425,0.001771702547557652,-0.015912359580397606,-0.015912359580397606,-0.015912359580397606,-0.009578430093824863,0.003623040858656168,-0.015746787190437317,-0.0264894962310791,-0.0264894962310791,-0.0264894962310791,-0.001404298236593604,-0.002661021426320076,0.01170208677649498
l_3_tr_l,-0.05867177993059158,-0.05867177993059158,-0.05867177993059158,0.0,0.0,0.0,0.02182793989777565,0.02182793989777565,0.02182793989777565,0.0,0.0,0.0,0.0532769151031971,0.0532769151031971,0.0532769151031971,0.0,0.0,0.0,0.0037473957054316998,0.0037473957054316998,0.0037473957054316998,0.0,0.0,0.0,0.006779800169169903,0.006779800169169903,0.006779800169169903,-0.0,-0.0,-0.0,0.0959465503692627,0.0959465503692627,0.0959465503692627,-0.0,-0.0,-0.0,0.12119556963443756,0.12119556963443756,0.12119556963443756,-0.0,-0.0,-0.0,0.10952219367027283,0.10952219367027283,0.10952219367027283,-0.0,-0.0,-0.0,-0.07535696029663086,-0.07535696029663086,-0.07535696029663086,-0.0,-0.0,-0.0,0.004007332492619753,0.004007332492619753,0.004007332492619753,0.0,0.0,0.0,-0.06890785694122314,-0.06890785694122314,-0.06890785694122314,-0.0,-0.0,-0.0,-0.011092702858150005,-0.011092702858150005,-0.011092702858150005,0.0,0.0,0.0,0.11883953958749771,0.11883953958749771,0.11883953958749771,0.0,0.0,0.0
l_3_fe_l,-0.01085818000137806,-0.01085818000137806,-0.01085818000137806,0.0,0.0,0.0,0.012513007037341595,0.012513007037341595,0.012513007037341595,0.0,0.0,0.0,-0.01566189154982567,-0.01566189154982567,-0.01566189154982567,0.0,0.0,0.0,-0.0036793705075979233,-0.0036793705075979233,-0.0036793705075979233,0.0,0.0,0.0,0.012549051083624363,0.012549051083624363,0.012549051083624363,-0.0,-0.0,-0.0,0.03383487090468407,0.03383487090468407,0.03383487090468407,-0.0,-0.0,-0.0,-0.007839730009436607,-0.007839730009436607,-0.007839730009436607,-0.0,-0.0,-0.0,-0.024908101186156273,-0.024908101186156273,-0.024908101186156273,-0.0,-0.0,-0.0,0.0176137275993824,0.0176137275993824,0.0176137275993824,-0.0,-0.0,-0.0,-0.0784752145409584,-0.0784752145409584,-0.0784752145409584,0.0,0.0,0.0,-0.025350021198391914,-0.025350021198391914,-0.025350021198391914,-0.0,-0.0,-0.0,-0.017259275540709496,-0.017259275540709496,-0.017259275540709496,0.0,0.0,0.0,0.01097466703504324,0.01097466703504324,0.01097466703504324,0.0,0.0,0.0
l_3_ti_l,-0.04434729367494583,-0.04434729367494583,-0.04434729367494583,0.0,0.0,0.0,0.03491901978850365,0.03491901978850365,0.03491901978850365,0.0,0.0,0.0,0.027148999273777008,0.027148999273777008,0.027148999273777008,0.0,0.0,0.0,-0.0035252892412245274,-0.0035252892412245274,-0.0035252892412245274,0.0,0.0,0.0,-0.040211569517850876,-0.040211569517850876,-0.040211569517850876,-0.0,-0.0,-0.0,-0.02877526544034481,-0.02877526544034481,-0.02877526544034481,-0.0,-0.0,-0.0,-0.03660329058766365,-0.03660329058766365,-0.03660329058766365,-0.0,-0.0,-0.0,-0.11435089260339737,-0.11435089260339737,-0.11435089260339737,-0.0,-0.0,-0.0,0.03723554685711861,0.03723554685711861,0.03723554685711861,-0.0,-0.0,-0.0,0.008798949420452118,0.008798949420452118,0.008798949420452118,0.0,0.0,0.0,-0.03440774232149124,-0.03440774232149124,-0.03440774232149124,-0.0,-0.0,-0.0,0.03402743488550186,0.03402743488550186,0.03402743488550186,0.0,0.0,0.0,-0.04065612331032753,-0.04065612331032753,-0.04065612331032753,0.0,0.0,0.0
l_3_ta_l,-0.009145880118012428,-0.009145880118012428,-0.009145880118012428,0.0,0.0,0.0,-0.021277206018567085,-0.021277206018567085,-0.021277206018567085,0.0,0.0,0.0,-9.563718049321324e-05,-9.563718049321324e-05,-9.563718049321324e-05,0.0,0.0,0.0,0.016993878409266472,0.016993878409266472,0.016993878409266472,0.0,0.0,0.0,0.03840186446905136,0.03840186446905136,0.03840186446905136,-0.0,-0.0,-0.0,0.022344740107655525,0.022344740107655525,0.022344740107655525,-0.0,-0.0,-0.0,-0.027250662446022034,-0.027250662446022034,-0.027250662446022034,-0.0,-0.0,-0.0,-0.14375171065330505,-0.14375171065330505,-0.14375171065330505,-0.0,-0.0,-0.0,0.09305213391780853,0.09305213391780853,0.09305213391780853,-0.0,-0.0,-0.0,-0.004228102508932352,-0.004228102508932352,-0.004228102508932352,0.0,0.0,0.0,-0.1362038254737854,-0.1362038254737854,-0.1362038254737854,-0.0,-0.0,-0.0,-0.039809055626392365,-0.039809055626392365,-0.039809055626392365,0.0,0.0,0.0,0.056127943098545074,0.056127943098545074,0.056127943098545074,0.0,0.0,0.0
l_3_pt_l,0.104499951004982,0.104499951004982,0.104499951004982,0.0,0.0,0.0,-0.1002776250243187,-0.1002776250243187,-0.1002776250243187,0.0,0.0,0.0,0.029964419081807137,0.029964419081807137,0.029964419081807137,0.0,0.0,0.0,-0.024290036410093307,-0.024290036410093307,-0.024290036410093307,0.0,0.0,0.0,-0.0023036031052470207,-0.0023036031052470207,-0.0023036031052470207,-0.0,-0.0,-0.0,-0.003443795954808593,-0.003443795954808593,-0.003443795954808593,-0.0,-0.0,-0.0,0.00829265359789133,0.00829265359789133,0.00829265359789133,-0.0,-0.0,-0.0,0.14304082095623016,0.14304082095623016,0.14304082095623016,-0.0,-0.0,-0.0,-0.07316890358924866,-0.07316890358924866,-0.07316890358924866,-0.0,-0.0,-0.0,-0.08596939593553543,-0.08596939593553543,-0.08596939593553543,0.0,0.0,0.0,0.17252682149410248,0.17252682149410248,0.17252682149410248,-0.0,-0.0,-0.0,0.09689722955226898,0.09689722955226898,0.09689722955226898,0.0,0.0,0.0,-0.0878290981054306,-0.0878290981054306,-0.0878290981054306,0.0,0.0,0.0
w_1_l,0.0,0.0,0.0,0.0008953742799349129,-0.004299688618630171,-0.008257772773504257,0.0,0.0,0.0,0.0011287160450592637,-0.000462257768958807,-0.0002636924327816814,0.0,0.0,0.0,-0.0023562051355838776,0.006691825110465288,0.011446960270404816,0.0,0.0,0.0,7.169396849349141e-05,-0.0004471010179258883,0.002752839820459485,-0.0,-0.0,-0.0,-0.0012538585579022765,0.0029139842372387648,0.006529370788484812,-0.0,-0.0,-0.0,-0.0013539473293349147,0.002074227435514331,0.0017302711494266987,-0.0,-0.0,-0.0,0.005741192493587732,-0.007527329493314028,-0.009648734703660011,-0.0,-0.0,-0.0,0.0015376533847302198,-0.0006641393410973251,-0.001481898594647646,-0.0,-0.0,-0.0,0.002855199621990323,-0.0038449352141469717,-0.0012361651752144098,0.0,0.0,0.0,0.0030246442183852196,-0.006881860084831715,-0.0030965409241616726,-0.0,-0.0,-0.0,0.0009094874258153141,-0.00024903006851673126,-0.0032523709814995527,0.0,0.0,0.0,-0.008857307955622673,0.014978560619056225,0.021210530772805214,0.0,0.0,0.0,0.0028371852822601795,0.001423056237399578,0.0017810887657105923
w_2_l,0.0,0.0,0.0,0.01399072352796793,-0.00390525977127254,-0.006127189379185438,0.0,0.0,0.0,-0.0013785078190267086,-0.001796040334738791,0.002509844722226262,0.0,0.0,0.0,-0.013526437804102898,0.003976800013333559,0.003064104588702321,0.0,0.0,0.0,-0.00036090044886805117,0.0012408059556037188,0.001851709675975144,-0.0,-0.0,-0.0,0.0019321838626638055,0.0016599672380834818,0.0012321422109380364,-0.0,-0.0,-0.0,-0.002607447560876608,0.0035789809189736843,0.00469913799315691,-0.0,-0.0,-0.0,-0.0005055759102106094,-0.0014770906418561935,-0.0024189348332583904,-0.0,-0.0,-0.0,-0.01095206756144762,0.0020876715425401926,0.021002791821956635,-0.0,-0.0,-0.0,0.0041330549865961075,-0.007571350317448378,-0.005117911845445633,0.0,0.0,0.0,-0.009051482193171978,-0.0020147801842540503,0.010070187039673328,-0.0,-0.0,-0.0,-0.00424028979614377,-0.005241069011390209,-0.00729362852871418,0.0,0.0,0.0,-0.014623700641095638,0.004188729915767908,-0.012147806584835052,0.0,0.0,0.0,0.0011795676546171308,-0.0028752319049090147,0.005881717894226313
b_h,0.07002361863851547,0.07002361863851547,0.07002361863851547,-0.0083570322021842,-0.00010761513840407133,-0.0012473455863073468,-0.00782373920083046,-0.00782373920083046,-0.00782373920083046,0.0021730628795921803,-0.00024178581952583045,-0.0015418815892189741,-0.08623283356428146,-0.08623283356428146,-0.08623283356428146,0.010534434579312801,-5.9855126892216504e-05,0.001999049913138151,0.05248336121439934,0.05248336121439934,0.05248336121439934,0.001067374018020928,5.4170544899534434e-05,0.001775902695953846,-0.012983016669750214,-0.012983016669750214,-0.012983016669750214,-0.001484701526351273,0.00024399941321462393,-0.004237861838191748,-0.01957758516073227,-0.01957758516073227,-0.01957758516073227,0.0014158759731799364,-0.0009007735061459243,-9.221631626132876e-05,0.07388730347156525,0.07388730347156525,0.07388730347156525,0.004787520505487919,-0.0005061265546828508,-0.0001590418687555939,0.011620862409472466,0.011620862409472466,0.011620862409472466,-0.006760528776794672,-0.0005258218734525144,0.007146394345909357,0.03429913520812988,0.03429913520812988,0.03429913520812988,-0.0001774636475602165,-0.0002564861497376114,-0.0026968992315232754,0.031048163771629333,0.031048163771629333,0.031048163771629333,0.0016323666786774993,-0.00023417631746269763,-0.0035460360813885927,0.010758229531347752,0.010758229531347752,0.010758229531347752,-0.00011444390111137182,0.00010820541501743719,-0.0034843909088522196,-0.14230038225650787,-0.14230038225650787,-0.14230038225650787,0.012980790808796883,-0.0006478418363258243,0.0006721668760292232,-0.12400546669960022,-0.12400546669960022,-0.12400546669960022,0.0009016871335916221,-0.001826769788749516,-0.006308918818831444
ma_r,-0.05981778725981712,-0.05981778725981712,-0.05981778725981712,-0.020884573459625244,0.003914102911949158,0.007742505986243486,0.009505725465714931,0.009505725465714931,0.009505725465714931,0.005082211457192898,0.0010459268232807517,0.00010947285045403987,0.08510717004537582,0.08510717004537582,0.08510717004537582,0.027116209268569946,-0.005269864574074745,-0.008957739919424057,-0.024713821709156036,-0.024713821709156036,-0.024713821709156036,-0.010097246617078781,0.007530553266406059,-0.0062362682074308395,0.01808687299489975,0.01808687299489975,0.01808687299489975,0.0003761975094676018,-0.0065806591883301735,-0.005241916514933109,0.02289550006389618,0.02289550006389618,0.02289550006389618,0.009897606447339058,0.0011101100826635957,0.004590862896293402,-0.07515919208526611,-0.07515919208526611,-0.07515919208526611,-0.011235632933676243,0.002989079337567091,0.006570351775735617,-0.008106740191578865,-0.008106740191578865,-0.008106740191578865,-0.009828631766140461,0.000890903000254184,0.002555388491600752,-0.03878472372889519,-0.03878472372889519,-0.03878472372889519,-0.010112660937011242,0.008999510668218136,-0.010741815902292728,-0.020611194893717766,-0.020611194893717766,-0.020611194893717766,-0.007941368967294693,0.007580678444355726,-0.015050487592816353,-0.018493372946977615,-0.018493372946977615,-0.018493372946977615,-0.0026531508192420006,0.004449259489774704,-7.850700785638765e-05,0.15697701275348663,0.15697701275348663,0.15697701275348663,0.042221035808324814,-0.022565165534615517,-0.0133244963362813,0.13797645270824432,0.13797645270824432,0.13797645270824432,0.044554874300956726,-0.018061308190226555,0.00437630619853735
an_1_r,-0.08260206878185272,-0.08260206878185272,-0.08260206878185272,-0.028893975540995598,0.0034141631331294775,0.013092686422169209,0.07358139753341675,0.07358139753341675,0.07358139753341675,0.0065748984925448895,0.001772453892044723,-0.0044158827513456345,0.05052247643470764,0.05052247643470764,0.05052247643470764,0.03589637950062752,-0.007464877795428038,-0.009248780086636543,-0.11460725218057632,-0.11460725218057632,-0.11460725218057632,-0.017539506778120995,0.008832239545881748,0.0031192603055387735,0.19999730587005615,0.19999730587005615,0.19999730587005615,0.0009851956274360418,-0.0020151599310338497,-0.005918447859585285,-0.162969708442688,-0.162969708442688,-0.162969708442688,0.008822196163237095,-0.0030329893343150616,0.012004358693957329,0.03976995125412941,0.03976995125412941,0.03976995125412941,-0.016324320808053017,0.007932120934128761,0.010563550516963005,0.026800410822033882,0.026800410822033882,0.026800410822033882,-0.011722808703780174,0.005418489687144756,-0.002729215659201145,0.06203797459602356,0.06203797459602356,0.06203797459602356,-0.010381999425590038,0.007511683739721775,-0.009472005069255829,-0.007504468318074942,-0.007504468318074942,-0.007504468318074942,-0.005583690479397774,0.02251531556248665,-0.018370063975453377,-0.011260840110480785,-0.011260840110480785,-0.011260840110480785,0.005340426228940487,0.0037745300214737654,-0.003943589981645346,0.107820063829422,0.107820063829422,0.107820063829422,0.04822832718491554,-0.01211128756403923,-0.005483601242303848,0.0661679208278656,0.0661679208278656,0.0661679208278656,0.030239269137382507,-0.007717229425907135,0.02354474738240242
an_2_r,0.000695350463502109,0.000695350463502109,0.000695350463502109,0.0,0.0,0.0,-0.041506070643663406,-0.041506070643663406,-0.041506070643663406,0.0,0.0,0.0,-0.0257205031812191,-0.0257205031812191,-0.0257205031812191,0.0,0.0,0.0,-0.1001884713768959,-0.1001884713768959,-0.1001884713768959,0.0,0.0,0.0,-0.06158588081598282,-0.06158588081598282,-0.06158588081598282,-0.0,-0.0,-0.0,0.25722429156303406,0.25722429156303406,0.25722429156303406,-0.0,-0.0,-0.0,-0.14677372574806213,-0.14677372574806213,-0.14677372574806213,-0.0,-0.0,-0.0,0.0028104069642722607,0.0028104069642722607,0.0028104069642722607,-0.0,-0.0,-0.0,-0.07788515090942383,-0.07788515090942383,-0.07788515090942383,-0.0,-0.0,-0.0,0.20468001067638397,0.20468001067638397,0.20468001067638397,0.0,0.0,0.0,-0.021921072155237198,-0.021921072155237198,-0.021921072155237198,-0.0,-0.0,-0.0,0.04694852977991104,0.04694852977991104,0.04694852977991104,0.0,0.0,0.0,0.016296355053782463,0.016296355053782463,0.016296355053782463,0.0,0.0,0.0
an_3_r,0.061964236199855804,0.061964236199855804,0.061964236199855804,0.0,0.0,0.0,-0.04812797158956528,-0.04812797158956528,-0.04812797158956528,0.0,0.0,0.0,0.016655661165714264,0.016655661165714264,0.016655661165714264,0.0,0.0,0.0,0.2530580163002014,0.2530580163002014,0.2530580163002014,0.0,0.0,0.0,-0.08604311943054199,-0.08604311943054199,-0.08604311943054199,-0.0,-0.0,-0.0,-0.06267726421356201,-0.06267726421356201,-0.06267726421356201,-0.0,-0.0,-0.0,-0.0119068818166852,-0.0119068818166852,-0.0119068818166852,-0.0,-0.0,-0.0,-0.017135316506028175,-0.017135316506028175,-0.017135316506028175,-0.0,-0.0,-0.0,-0.10635098814964294,-0.10635098814964294,-0.10635098814964294,-0.0,-0.0,-0.0,-0.057548005133867264,-0.057548005133867264,-0.057548005133867264,0.0,0.0,0.0,-0.09441391378641129,-0.09441391378641129,-0.09441391378641129,-0.0,-0.0,-0.0,0.07477518171072006,0.07477518171072006,0.07477518171072006,0.0,0.0,0.0,0.09153909981250763,0.09153909981250763,0.09153909981250763,0.0,0.0,0.0
ma_l,-0.05981778725981712,-0.05981778725981712,-0.05981778725981712,-0.020644938573241234,-0.004128333181142807,0.008084187284111977,0.009505725465714931,0.009505725465714931,0.009505725465714931,0.00516087282449007,-0.0013517733896151185,0.00011373685265425593,0.08510717004537582,0.08510717004537582,0.08510717004537582,0.027547990903258324,0.004505985416471958,-0.008690054528415203,-0.024713821709156036,-0.024713821709156036,-0.024713821709156036,-0.010183095932006836,-0.007627035491168499,-0.005511500872671604,0.01808687299489975,0.01808687299489975,0.01808687299489975,-3.155148442601785e-05,0.0056366268545389175,-0.005541676189750433,0.02289550006389618,0.02289550006389618,0.02289550006389618,0.008840728551149368,0.0009650210267864168,0.0061871642246842384,-0.07515919208526611,-0.07515919208526611,-0.07515919208526611,-0.011628353036940098,-0.003658278612419963,0.006152861751616001,-0.008106740191578865,-0.008106740191578865,-0.008106740191578865,-0.013194877654314041,0.0007827754016034305,0.0017044342821463943,-0.03878472372889519,-0.03878472372889519,-0.03878472372889519,-0.008143831975758076,-0.009754478931427002,-0.011767939664423466,-0.020611194893717766,-0.020611194893717766,-0.020611194893717766,-0.009266977198421955,-0.005964199546724558,-0.013441658578813076,-0.018493372946977615,-0.018493372946977615,-0.018493372946977615,-0.00497855432331562,-0.0014568729093298316,0.003608314786106348,0.15697701275348663,0.15697701275348663,0.15697701275348663,0.0381682813167572,0.022916438058018684,-0.012034276500344276,0.13797645270824432,0.13797645270824432,0.13797645270824432,0.049320414662361145,0.011228055693209171,0.005310509819537401
an_1_l,-0.08406545966863632,-0.08406545966863632,-0.08406545966863632,-0.028938205912709236,-0.003137383610010147,0.012730898335576057,0.07536110281944275,0.07536110281944275,0.07536110281944275,0.006347812246531248,-0.0014412089949473739,-0.0030210751574486494,0.04946032911539078,0.04946032911539078,0.04946032911539078,0.03602460026741028,0.004927529022097588,-0.008795550093054771,-0.10848620533943176,-0.10848620533943176,-0.10848620533943176,-0.017741767689585686,-0.007959848269820213,0.003664240473881364,0.19421176612377167,0.19421176612377167,0.19421176612377167,0.0005983403534628451,0.0021968723740428686,-0.006155187729746103,-0.15820221602916718,-0.15820221602916718,-0.15820221602916718,0.008209007792174816,0.005576148629188538,0.012300822883844376,0.04167225956916809,0.04167225956916809,0.04167225956916809,-0.015157719142735004,-0.007109241560101509,0.010643440298736095,0.03291064128279686,0.03291064128279686,0.03291064128279686,-0.012477755546569824,-0.0037937515880912542,-0.0017707152292132378,0.0480494424700737,0.0480494424700737,0.0480494424700737,-0.008885792456567287,-0.010332145728170872,-0.009126577526330948,0.01970325969159603,0.01970325969159603,0.01970325969159603,-0.006834348198026419,-0.013010666705667973,-0.022147713229060173,0.00021124536579009145,0.00021124536579009145,0.00021124536579009145,0.003973694052547216,-0.0007674525841139257,-0.001998234074562788,0.12482011318206787,0.12482011318206787,0.12482011318206787,0.04852217435836792,0.0072545576840639114,-0.0027474798262119293,0.05466121807694435,0.05466121807694435,0.05466121807694435,0.033756110817193985,0.0011523443972691894,0.021637197583913803
an_2_l,0.0022072643041610718,0.0022072643041610718,0.0022072643041610718,0.0,0.0,0.0,-0.04523615911602974,-0.04523615911602974,-0.04523615911602974,0.0,0.0,0.0,-0.002403179882094264,-0.002403179882094264,-0.002403179882094264,0.0,0.0,0.0,-0.11089716851711273,-0.11089716851711273,-0.11089716851711273,0.0,0.0,0.0,-0.043163660913705826,-0.043163660913705826,-0.043163660913705826,-0.0,-0.0,-0.0,0.22257393598556519,0.22257393598556519,0.22257393598556519,-0.0,-0.0,-0.0,-0.15924882888793945,-0.15924882888793945,-0.15924882888793945,-0.0,-0.0,-0.0,-0.03883601725101471,-0.03883601725101471,-0.03883601725101471,-0.0,-0.0,-0.0,-0.0033728606067597866,-0.0033728606067597866,-0.0033728606067597866,-0.0,-0.0,-0.0,0.07315873354673386,0.07315873354673386,0.07315873354673386,0.0,0.0,0.0,-0.02334240823984146,-0.02334240823984146,-0.02334240823984146,-0.0,-0.0,-0.0,0.04278140515089035,0.04278140515089035,0.04278140515089035,0.0,0.0,0.0,0.04471110925078392,0.04471110925078392,0.04471110925078392,0.0,0.0,0.0
an_3_l,0.06155573949217796,0.06155573949217796,0.06155573949217796,0.0,0.0,0.0,-0.04502720758318901,-0.04502720758318901,-0.04502720758318901,0.0,0.0,0.0,0.010445150546729565,0.010445150546729565,0.010445150546729565,0.0,0.0,0.0,0.26443853974342346,0.26443853974342346,0.26443853974342346,0.0,0.0,0.0,-0.09191716462373734,-0.09191716462373734,-0.09191716462373734,-0.0,-0.0,-0.0,-0.08847973495721817,-0.08847973495721817,-0.08847973495721817,-0.0,-0.0,-0.0,0.0011587986955419183,0.0011587986955419183,0.0011587986955419183,-0.0,-0.0,-0.0,-0.008557023480534554,-0.008557023480534554,-0.008557023480534554,-0.0,-0.0,-0.0,-0.14067283272743225,-0.14067283272743225,-0.14067283272743225,-0.0,-0.0,-0.0,-0.061706993728876114,-0.061706993728876114,-0.061706993728876114,0.0,0.0,0.0,-0.1276952624320984,-0.1276952624320984,-0.1276952624320984,-0.0,-0.0,-0.0,0.09252461045980453,0.09252461045980453,0.09252461045980453,0.0,0.0,0.0,0.09953337907791138,0.09953337907791138,0.09953337907791138,0.0,0.0,0.0
